"Name","Type Line","Color Identity","Times Seen","Times Picked","Pick Rate","Avg Pick Position","Wheel Count","P1P1 Count","Elo"
"Huntmaster of the Fells","Creature — Human Werewolf // Creature — Werewolf","GR","714","128","0.179","","","","1305"
"Elesh Norn, Grand Cenobite","Legendary Creature — Phyrexian Praetor","W","884","158","0.179","","","","1514"
"Hinterland Harbor","Land","GU","755","62","0.082","","","","1186"
"Act of Aggression","Instant","R","909","64","0.070","","","","1051"
"Bituminous Blast","Instant","BR","781","95","0.122","","","","1242"
"Cunning Sparkmage","Creature — Human Shaman","R","817","60","0.073","","","","1126"
"Aetherling","Creature — Shapeshifter","U","742","59","0.080","","","","1206"
"Frostburn Weird","Creature — Weird","RU","712","42","0.059","","","","1071"
"Griselbrand","Legendary Creature — Demon","B","672","60","0.089","","","","1361"
"Burning-Tree Emissary","Creature — Human Shaman","GR","753","82","0.109","","","","1168"
"Blasphemous Act","Sorcery","R","870","100","0.115","","","","1220"
"Kessig Wolf Run","Land","GR","943","89","0.094","","","","1251"
"Signal Pest","Artifact Creature — Pest","","914","62","0.068","","","","1004"
"Shock","Instant","R","612","61","0.100","","","","1255"
"Sunpetal Grove","Land","GW","826","85","0.103","","","","1162"
"Deprive","Instant","U","769","93","0.121","","","","1334"
"Skinrender","Creature — Phyrexian Zombie","B","635","78","0.123","","","","1288"
"Nightveil Specter","Creature — Specter","BU","743","67","0.090","","","","1196"
"Stomping Ground","Land — Mountain Forest","GR","1171","184","0.157","","","","1314"
"Geist of Saint Traft","Legendary Creature — Spirit Cleric","UW","794","102","0.128","","","","1358"
"Student of Warfare","Creature — Human Knight","W","856","85","0.099","","","","1154"
"Basilisk Collar","Artifact — Equipment","","855","93","0.109","","","","1256"
"Darkslick Shores","Land","BU","665","68","0.102","","","","1275"
"Blood Artist","Creature — Vampire","B","868","102","0.118","","","","1145"
"Day of Judgment","Sorcery","W","791","128","0.162","","","","1497"
"Dungeon Geists","Creature — Spirit","U","866","90","0.104","","","","1394"
"Thrun, the Last Troll","Legendary Creature — Troll Shaman","G","666","93","0.140","","","","1239"
"Abrupt Decay","Instant","BG","793","115","0.145","","","","1373"
"Doom Blade","Instant","B","642","141","0.220","","","","1536"
"Watery Grave","Land — Island Swamp","BU","919","125","0.136","","","","1452"
"Blood Crypt","Land — Swamp Mountain","BR","1058","168","0.159","","","","1413"
"Myr Battlesphere","Artifact Creature — Myr Construct","","845","65","0.077","","","","1217"
"Condemn","Instant","W","793","126","0.159","","","","1551"
"Black Sun's Zenith","Sorcery","B","814","98","0.120","","","","1342"
"Dragonmaster Outcast","Creature — Human Shaman","R","914","94","0.103","","","","1211"
"Terminate","Instant","BR","739","110","0.149","","","","1373"
"Viscera Seer","Creature — Vampire Wizard","B","1033","100","0.097","","","","996"
"Incinerate","Instant","R","615","103","0.167","","","","1363"
"Godless Shrine","Land — Plains Swamp","BW","1307","195","0.149","","","","1252"
"Pacifism","Enchantment — Aura","W","299","31","0.104","","","","1232"
"Ranger of Eos","Creature — Human Soldier Ranger","W","923","95","0.103","","","","1115"
"Geist-Honored Monk","Creature — Human Monk","W","965","104","0.108","","","","1231"
"Martial Coup","Sorcery","W","819","109","0.133","","","","1427"
"Trading Post","Artifact","","845","59","0.070","","","","1117"
"Sin Collector","Creature — Human Cleric","BW","952","111","0.117","","","","1256"
"Lightning Mauler","Creature — Human Berserker","R","855","82","0.096","","","","1121"
"Phyrexian Revoker","Artifact Creature — Phyrexian Horror","","779","52","0.067","","","","1083"
"Nantuko Shade","Creature — Insect Shade","B","898","83","0.092","","","","1056"
"Boros Charm","Instant","RW","841","79","0.094","","","","1146"
"Putrefy","Instant","BG","908","111","0.122","","","","1184"
"Brittle Effigy","Artifact","","853","43","0.050","","","","1027"
"Elixir of Immortality","Artifact","","762","42","0.055","","","","1185"
"Massacre Wurm","Creature — Phyrexian Wurm","B","743","91","0.122","","","","1293"
"Savage Lands","Land","BGR","872","123","0.141","","","","1319"
"Dreg Mangler","Creature — Plant Zombie","BG","1023","109","0.107","","","","1079"
"Despise","Sorcery","B","770","86","0.112","","","","1271"
"Wurmcoil Engine","Artifact Creature — Phyrexian Wurm","","537","128","0.238","","","","1614"
"Rewind","Instant","U","852","99","0.116","","","","1275"
"Oblivion Ring","Enchantment","W","829","149","0.180","","","","1419"
"Steam Vents","Land — Island Mountain","RU","854","99","0.116","","","","1467"
"Oracle of Mul Daya","Creature — Elf Shaman","G","537","66","0.123","","","","1263"
"Bloodbraid Elf","Creature — Elf Berserker","GR","693","147","0.212","","","","1423"
"Lodestone Golem","Artifact Creature — Golem","","219","14","0.064","","","","1043"
"Linvala, Keeper of Silence","Legendary Creature — Angel","W","887","103","0.116","","","","1252"
"Mentor of the Meek","Creature — Human Soldier","W","816","88","0.108","","","","1147"
"Elspeth, Knight-Errant","Legendary Planeswalker — Elspeth","W","603","110","0.182","","","","1479"
"Shambleshark","Creature — Shark Crab","GU","903","55","0.061","","","","921"
"Vampire Lacerator","Creature — Vampire Warrior","B","1051","83","0.079","","","","957"
"Deceiver Exarch","Creature — Phyrexian Cleric","U","729","89","0.122","","","","1343"
"Scavenging Ooze","Creature — Ooze","G","686","112","0.163","","","","1425"
"Farseek","Sorcery","G","798","130","0.163","","","","1286"
"Phyrexian Obliterator","Creature — Phyrexian Horror","B","779","82","0.105","","","","1182"
"Bonehoard","Artifact — Equipment","","956","79","0.083","","","","1018"
"Mikaeus, the Lunarch","Legendary Creature — Human Cleric","W","777","83","0.107","","","","1129"
"Tectonic Edge","Land","","931","85","0.091","","","","1183"
"Merfolk Looter","Creature — Merfolk Rogue","U","807","71","0.088","","","","1128"
"Gideon Jura","Legendary Planeswalker — Gideon","W","850","133","0.156","","","","1609"
"Desecration Demon","Creature — Demon","B","236","17","0.072","","","","1104"
"Underworld Connections","Enchantment — Aura","B","844","70","0.083","","","","1206"
"Entreat the Angels","Sorcery","W","824","103","0.125","","","","1304"
"Sundering Growth","Instant","GW","898","71","0.079","","","","1098"
"Obstinate Baloth","Creature — Beast","G","798","107","0.134","","","","1162"
"Boros Reckoner","Creature — Minotaur Wizard","RW","898","109","0.121","","","","1226"
"Doomed Traveler","Creature — Human Soldier","W","963","96","0.100","","","","1001"
"Voice of Resurgence","Creature — Elemental","GW","794","127","0.160","","","","1258"
"Overrun","Sorcery","G","323","21","0.065","","","","1104"
"Talrand, Sky Summoner","Legendary Creature — Merfolk Wizard","U","665","67","0.101","","","","1336"
"Strangleroot Geist","Creature — Spirit","G","865","73","0.084","","","","1130"
"Woolly Thoctar","Creature — Beast","GRW","957","92","0.096","","","","973"
"Razorverge Thicket","Land","GW","801","79","0.099","","","","1146"
"Vengevine","Creature — Elemental","G","912","98","0.107","","","","1120"
"Midnight Haunting","Instant","W","911","110","0.121","","","","1205"
"Rootbound Crag","Land","GR","747","84","0.112","","","","1215"
"Kargan Dragonlord","Creature — Human Warrior","R","819","67","0.082","","","","1069"
"Rafiq of the Many","Legendary Creature — Human Knight","GUW","900","76","0.084","","","","1051"
"Kiln Fiend","Creature — Elemental Beast","R","841","63","0.075","","","","1047"
"Intangible Virtue","Enchantment","W","973","73","0.075","","","","1039"
"Silverblade Paladin","Creature — Human Knight","W","759","85","0.112","","","","1205"
"Maelstrom Pulse","Sorcery","BG","837","115","0.137","","","","1220"
"Vines of Vastwood","Instant","G","857","43","0.050","","","","893"
"Gather the Townsfolk","Sorcery","W","932","98","0.105","","","","1089"
"Goblin Wardriver","Creature — Goblin Warrior","R","847","61","0.072","","","","1112"
"Gavony Township","Land","GW","1007","92","0.091","","","","1031"
"Bloodgift Demon","Creature — Demon","B","916","95","0.104","","","","1174"
"Avenger of Zendikar","Creature — Elemental","G","759","88","0.116","","","","1251"
"Mutavault","Land","","875","89","0.102","","","","1228"
"Phyrexian Metamorph","Artifact Creature — Phyrexian Shapeshifter","U","662","102","0.154","","","","1375"
"Into the Roil","Instant","U","715","80","0.112","","","","1474"
"Barter in Blood","Sorcery","B","934","80","0.086","","","","1191"
"Agony Warp","Instant","BU","771","69","0.089","","","","1206"
"Accorder Paladin","Creature — Human Knight","W","909","105","0.116","","","","1157"
"Geralf's Messenger","Creature — Zombie","B","914","90","0.098","","","","1091"
"Grisly Salvage","Instant","BG","974","82","0.084","","","","1147"
"Cloudfin Raptor","Creature — Bird Mutant","U","955","68","0.071","","","","1074"
"Ajani Vengeant","Legendary Planeswalker — Ajani","RW","748","107","0.143","","","","1413"
"Thalia, Guardian of Thraben","Legendary Creature — Human Soldier","W","678","93","0.137","","","","1241"
"Clifftop Retreat","Land","RW","858","94","0.110","","","","1210"
"Sublime Archangel","Creature — Angel","W","192","19","0.099","","","","1219"
"Primeval Titan","Creature — Giant","G","487","83","0.170","","","","1449"
"Phyrexian Rager","Creature — Phyrexian Horror","B","766","84","0.110","","","","1311"
"Hero of Oxid Ridge","Creature — Human Knight","R","893","103","0.115","","","","1317"
"Esper Charm","Instant","BUW","1039","93","0.090","","","","1173"
"Lotus Cobra","Creature — Snake","G","572","90","0.157","","","","1403"
"Path to Exile","Instant","W","504","168","0.333","","","","1660"
"Staggershock","Instant","R","736","85","0.115","","","","1303"
"Obzedat, Ghost Council","Legendary Creature — Spirit Advisor","BW","909","101","0.111","","","","1089"
"Wolfir Avenger","Creature — Wolf Warrior","G","931","83","0.089","","","","1127"
"Unburial Rites","Sorcery","BW","903","117","0.130","","","","1156"
"Ogre Battledriver","Creature — Ogre Warrior","R","891","77","0.086","","","","1154"
"Honor of the Pure","Enchantment","W","995","70","0.070","","","","962"
"Sword of Feast and Famine","Artifact — Equipment","","721","148","0.205","","","","1581"
"Isolated Chapel","Land","BW","833","109","0.131","","","","1347"
"Vapor Snag","Instant","U","766","74","0.097","","","","1371"
"Splinter Twin","Enchantment — Aura","R","658","95","0.144","","","","1365"
"Sun Titan","Creature — Giant","W","864","115","0.133","","","","1263"
"Champion of the Parish","Creature — Human Soldier","W","867","87","0.100","","","","1150"
"Mutagenic Growth","Instant","G","910","49","0.054","","","","953"
"Siege-Gang Commander","Creature — Goblin","R","880","131","0.149","","","","1252"
"Ultimate Price","Instant","B","206","24","0.117","","","","1318"
"Gut Shot","Instant","R","752","62","0.082","","","","1268"
"Bloodline Keeper","Creature — Vampire // Creature — Vampire","B","793","128","0.161","","","","1311"
"Zealous Conscripts","Creature — Human Warrior","R","713","100","0.140","","","","1256"
"Blackcleave Cliffs","Land","BR","736","77","0.105","","","","1249"
"Jungle Shrine","Land","GRW","926","110","0.119","","","","1218"
"Blade Splicer","Creature — Phyrexian Human Artificer","W","757","146","0.193","","","","1503"
"Mimic Vat","Artifact","","842","83","0.099","","","","1268"
"Inquisition of Kozilek","Sorcery","B","543","100","0.184","","","","1432"
"Terminus","Sorcery","W","829","116","0.140","","","","1480"
"Aether Adept","Creature — Human Wizard","U","893","77","0.086","","","","1279"
"Sacred Foundry","Land — Mountain Plains","RW","1223","187","0.153","","","","1422"
"Bloodghast","Creature — Vampire Spirit","B","831","76","0.091","","","","1040"
"Lavaclaw Reaches","Land","BR","745","96","0.129","","","","1257"
"Sea Gate Oracle","Creature — Human Wizard","U","775","96","0.124","","","","1492"
"Duress","Sorcery","B","660","93","0.141","","","","1387"
"Simic Charm","Instant","GU","851","44","0.052","","","","924"
"Knight of the Reliquary","Creature — Human Knight","GW","758","85","0.112","","","","1179"
"Arid Mesa","Land","","574","127","0.221","","","","1551"
"Faithless Looting","Sorcery","R","829","111","0.134","","","","1178"
"Hellrider","Creature — Devil","R","760","79","0.104","","","","1185"
"Sword of War and Peace","Artifact — Equipment","","790","102","0.129","","","","1304"
"Sorin, Lord of Innistrad","Legendary Planeswalker — Sorin","BW","779","117","0.150","","","","1369"
"Bloodthrone Vampire","Creature — Vampire","B","1046","95","0.091","","","","1002"
"Thragtusk","Creature — Beast","G","701","158","0.225","","","","1536"
"Goblin Guide","Creature — Goblin Scout","R","600","80","0.133","","","","1346"
"Stormblood Berserker","Creature — Human Berserker","R","326","26","0.080","","","","1113"
"Grave Titan","Creature — Giant","B","648","139","0.215","","","","1445"
"Koth of the Hammer","Legendary Planeswalker — Koth","R","931","86","0.092","","","","1179"
"Spellskite","Artifact Creature — Phyrexian Horror","U","758","74","0.098","","","","1324"
"Essence Scatter","Instant","U","601","83","0.138","","","","1546"
"Falkenrath Aristocrat","Creature — Vampire Noble","BR","825","85","0.103","","","","1097"
"Crypt Ghast","Creature — Spirit","B","892","89","0.100","","","","1101"
"Frost Titan","Creature — Giant","U","740","85","0.115","","","","1209"
"Chandra, the Firebrand","Legendary Planeswalker — Chandra","R","711","62","0.087","","","","1296"
"Phantasmal Image","Creature — Illusion","U","679","77","0.113","","","","1561"
"Evolving Wilds","Land","","777","111","0.143","","","","1391"
"Selesnya Charm","Instant","GW","395","38","0.096","","","","1027"
"Dissipate","Instant","U","745","89","0.119","","","","1465"
"Preordain","Sorcery","U","488","99","0.203","","","","1562"
"Negate","Instant","U","546","59","0.108","","","","1458"
"Celestial Colonnade","Land","UW","698","130","0.186","","","","1520"
"Baneslayer Angel","Creature — Angel","W","812","152","0.187","","","","1475"
"Mana Leak","Instant","U","467","100","0.214","","","","1579"
"Time Warp","Sorcery","U","528","69","0.131","","","","1437"
"Izzet Charm","Instant","RU","705","58","0.082","","","","1207"
"Wall of Omens","Creature — Wall","W","833","131","0.157","","","","1554"
"Sylvan Ranger","Creature — Elf Scout Ranger","G","736","73","0.099","","","","1195"
"Dragon Fodder","Sorcery","R","932","81","0.087","","","","1104"
"Cartel Aristocrat","Creature — Human Advisor","BW","986","78","0.079","","","","911"
"Shrine of Burning Rage","Artifact","","957","60","0.063","","","","1090"
"Precinct Captain","Creature — Human Soldier","W","897","80","0.089","","","","1167"
"Fauna Shaman","Creature — Elf Shaman","G","911","113","0.124","","","","1155"
"Tamiyo, the Moon Sage","Legendary Planeswalker — Tamiyo","U","560","83","0.148","","","","1605"
"Delver of Secrets","Creature — Human Wizard // Creature — Human Insect","U","874","74","0.085","","","","1121"
"Turn // Burn","Instant // Instant","","730","64","0.088","","","","1297"
"Pillar of Flame","Sorcery","R","705","86","0.122","","","","1207"
"Brimstone Volley","Instant","R","818","102","0.125","","","","1325"
"Master of the Wild Hunt","Creature — Human Shaman","G","713","103","0.144","","","","1228"
"Birthing Pod","Artifact","G","738","77","0.104","","","","1185"
"Flinthoof Boar","Creature — Boar","GR","835","75","0.090","","","","1104"
"Solemn Simulacrum","Artifact Creature — Golem","","693","115","0.166","","","","1476"
"Assemble the Legion","Enchantment","RW","893","93","0.104","","","","1200"
"Thought Scour","Instant","U","788","66","0.084","","","","1320"
"Rhox War Monk","Creature — Rhino Monk","GUW","1137","113","0.099","","","","1099"
"Glacial Fortress","Land","UW","763","105","0.138","","","","1390"
"Jace Beleren","Legendary Planeswalker — Jace","U","592","76","0.128","","","","1491"
"Go for the Throat","Instant","B","613","139","0.227","","","","1527"
"Timely Reinforcements","Sorcery","W","838","101","0.121","","","","1345"
"Nature's Claim","Instant","G","884","51","0.058","","","","1077"
"Experiment One","Creature — Human Ooze","G","829","84","0.101","","","","1180"
"Coralhelm Commander","Creature — Merfolk Soldier","U","948","63","0.066","","","","1147"
"Goblin Bushwhacker","Creature — Goblin Warrior","R","948","84","0.089","","","","1089"
"Bonfire of the Damned","Sorcery","R","660","94","0.142","","","","1300"
"Rancor","Enchantment — Aura","G","912","129","0.141","","","","1235"
"Broodmate Dragon","Creature — Dragon","BGR","887","107","0.121","","","","1205"
"Young Pyromancer","Creature — Human Shaman","R","626","93","0.149","","","","1286"
"Creeping Tar Pit","Land","BU","628","71","0.113","","","","1388"
"Tidehollow Sculler","Artifact Creature — Zombie","BW","838","100","0.119","","","","1081"
"Tragic Slip","Instant","B","879","123","0.140","","","","1262"
"Vampire Nighthawk","Creature — Vampire Shaman","B","745","105","0.141","","","","1348"
"Think Twice","Instant","U","704","71","0.101","","","","1363"
"Marsh Flats","Land","","535","125","0.234","","","","1494"
"Joraga Treespeaker","Creature — Elf Druid","G","513","68","0.133","","","","1383"
"Emeria Angel","Creature — Angel","W","872","101","0.116","","","","1295"
"Guttersnipe","Creature — Goblin Shaman","R","861","87","0.101","","","","1290"
"Aurelia, the Warleader","Legendary Creature — Angel","RW","929","81","0.087","","","","979"
"Dreadbore","Sorcery","BR","658","91","0.138","","","","1242"
"Hypnotic Specter","Creature — Specter","B","736","91","0.124","","","","1347"
"Rakdos Cackler","Creature — Devil","BR","863","75","0.087","","","","1171"
"Copperline Gorge","Land","GR","770","87","0.113","","","","1142"
"Sheoldred, Whispering One","Legendary Creature — Phyrexian Praetor","B","822","93","0.113","","","","1229"
"Azorius Charm","Instant","UW","326","48","0.147","","","","1406"
"Gatekeeper of Malakir","Creature — Vampire Warrior","B","891","90","0.101","","","","1111"
"Restoration Angel","Creature — Angel","W","799","144","0.180","","","","1504"
"Detention Sphere","Enchantment","UW","663","68","0.103","","","","1366"
"Sign in Blood","Sorcery","B","839","87","0.104","","","","1150"
"Legion Loyalist","Creature — Goblin Soldier","R","303","29","0.096","","","","1216"
"Flame Slash","Sorcery","R","579","87","0.150","","","","1409"
"Craterhoof Behemoth","Creature — Beast","G","603","67","0.111","","","","1301"
"Mizzium Mortars","Sorcery","R","188","26","0.138","","","","1332"
"Curiosity","Enchantment — Aura","U","952","60","0.063","","","","957"
"Sphinx's Revelation","Instant","UW","778","131","0.168","","","","1528"
"Angelic Destiny","Enchantment — Aura","W","865","77","0.089","","","","1190"
"Blightning","Sorcery","BR","825","120","0.145","","","","1176"
"Overgrown Tomb","Land — Swamp Forest","BG","1140","179","0.157","","","","1305"
"Spell Pierce","Instant","U","629","75","0.119","","","","1524"
"Liliana Vess","Legendary Planeswalker — Liliana","B","726","93","0.128","","","","1397"
"Thundermaw Hellkite","Creature — Dragon","R","712","112","0.157","","","","1365"
"Karn Liberated","Legendary Planeswalker — Karn","","639","84","0.131","","","","1549"
"Far // Away","Instant // Instant","","710","64","0.090","","","","1306"
"Blue Sun's Zenith","Instant","U","834","64","0.077","","","","1245"
"Raging Ravine","Land","GR","768","111","0.145","","","","1175"
"Syncopate","Instant","U","695","95","0.137","","","","1570"
"Enclave Cryptologist","Creature — Merfolk Wizard","U","803","62","0.077","","","","1166"
"Elvish Mystic","Creature — Elf Druid","G","516","96","0.186","","","","1480"
"Steel Hellkite","Artifact Creature — Dragon","","944","94","0.100","","","","1133"
"Grim Lavamancer","Creature — Human Wizard","R","772","96","0.124","","","","1201"
"Vampire Hexmage","Creature — Vampire Shaman","B","917","58","0.063","","","","953"
"Hallowed Fountain","Land — Plains Island","UW","997","156","0.156","","","","1545"
"Unsummon","Instant","U","749","65","0.087","","","","1267"
"Ratchet Bomb","Artifact","","875","79","0.090","","","","1332"
"Breeding Pool","Land — Forest Island","GU","995","87","0.087","","","","1202"
"Verdant Catacombs","Land","","542","107","0.197","","","","1467"
"Ghost Quarter","Land","","732","92","0.126","","","","1240"
"Burst Lightning","Instant","R","654","101","0.154","","","","1303"
"Explore","Sorcery","G","717","67","0.093","","","","1234"
"Boros Elite","Creature — Human Soldier","W","875","73","0.083","","","","1088"
"Drowned Catacomb","Land","BU","656","65","0.099","","","","1383"
"Forked Bolt","Sorcery","R","636","92","0.145","","","","1349"
"Elvish Visionary","Creature — Elf Shaman","G","242","19","0.079","","","","1236"
"Dryad Militant","Creature — Dryad Soldier","GW","765","56","0.073","","","","996"
"Supreme Verdict","Sorcery","UW","752","126","0.168","","","","1524"
"Ghor-Clan Rampager","Creature — Beast","GR","804","91","0.113","","","","1162"
"Consecrated Sphinx","Creature — Sphinx","U","592","97","0.164","","","","1582"
"Acidic Slime","Creature — Ooze","G","810","80","0.099","","","","1182"
"Sprouting Thrinax","Creature — Lizard","BGR","1092","133","0.122","","","","1003"
"Wolfir Silverheart","Creature — Wolf Warrior","G","888","97","0.109","","","","1203"
"Crumbling Necropolis","Land","BRU","763","70","0.092","","","","1173"
"Mayor of Avabruck","Creature — Human Advisor Werewolf // Creature — Werewolf","G","793","82","0.103","","","","1156"
"Seaside Citadel","Land","GUW","803","89","0.111","","","","1173"
"Snapcaster Mage","Creature — Human Wizard","U","387","84","0.217","","","","1700"
"Garruk Wildspeaker","Legendary Planeswalker — Garruk","G","603","101","0.167","","","","1473"
"Pithing Needle","Artifact","","828","49","0.059","","","","1086"
"Everflowing Chalice","Artifact","","807","83","0.103","","","","1197"
"Llanowar Elves","Creature — Elf Druid","G","523","97","0.185","","","","1399"
"Eldrazi Monument","Artifact","","834","65","0.078","","","","1065"
"Batterskull","Artifact — Equipment","","637","127","0.199","","","","1515"
"Seachrome Coast","Land","UW","689","82","0.119","","","","1427"
"Unflinching Courage","Enchantment — Aura","GW","782","71","0.091","","","","967"
"Temporal Mastery","Sorcery","U","637","76","0.119","","","","1465"
"Augur of Bolas","Creature — Merfolk Wizard","U","732","63","0.086","","","","1224"
"Izzet Staticaster","Creature — Human Wizard","RU","976","69","0.071","","","","1038"
"Qasali Pridemage","Creature — Cat Wizard","GW","812","94","0.116","","","","1036"
"Gitaxian Probe","Sorcery","U","484","59","0.122","","","","1325"
"Expedition Map","Artifact","","854","59","0.069","","","","1234"
"Mind Control","Enchantment — Aura","U","624","53","0.085","","","","1323"
"Lingering Souls","Sorcery","BW","767","133","0.173","","","","1277"
"Hero of Bladehold","Creature — Human Knight","W","713","114","0.160","","","","1268"
"Cultivate","Sorcery","G","717","93","0.130","","","","1281"
"Deathrite Shaman","Creature — Elf Shaman","BG","566","112","0.198","","","","1555"
"Harrow","Instant","G","809","87","0.108","","","","1049"
"Disfigure","Instant","B","750","84","0.112","","","","1366"
"Dragonskull Summit","Land","BR","737","101","0.137","","","","1303"
"Pack Rat","Creature — Rat","B","578","103","0.178","","","","1396"
"Mortarpod","Artifact — Equipment","","840","57","0.068","","","","956"
"Woodland Cemetery","Land","BG","838","115","0.137","","","","1318"
"Sulfur Falls","Land","RU","613","54","0.088","","","","1229"
"Jace, the Mind Sculptor","Legendary Planeswalker — Jace","U","357","101","0.283","","","","1746"
"Rampant Growth","Sorcery","G","797","119","0.149","","","","1232"
"Invisible Stalker","Creature — Human Rogue","U","963","67","0.070","","","","1116"
"Avacyn's Pilgrim","Creature — Human Monk","GW","696","116","0.167","","","","1282"
"Noble Hierarch","Creature — Human Druid","GUW","407","85","0.209","","","","1449"
"Arbor Elf","Creature — Elf Druid","G","618","88","0.142","","","","1298"
"Urban Evolution","Sorcery","GU","798","44","0.055","","","","1055"
"Inferno Titan","Creature — Giant","R","830","132","0.159","","","","1254"
"Scalding Tarn","Land","","403","76","0.189","","","","1454"
"Gravecrawler","Creature — Zombie","B","197","14","0.071","","","","1070"
"Ponder","Sorcery","U","448","87","0.194","","","","1512"
"Terramorphic Expanse","Land","","751","98","0.130","","","","1326"
"Arcane Sanctum","Land","BUW","824","109","0.132","","","","1356"
"Cyclonic Rift","Instant","U","447","56","0.125","","","","1539"
"Temple Garden","Land — Forest Plains","GW","1099","154","0.140","","","","1175"
"Diregraf Ghoul","Creature — Zombie","B","920","69","0.075","","","","970"
"Putrid Leech","Creature — Zombie Leech","BG","965","128","0.133","","","","1167"
"Prime Speaker Zegana","Legendary Creature — Merfolk Wizard","GU","870","66","0.076","","","","1035"
"Gyre Sage","Creature — Elf Druid","G","763","76","0.100","","","","1201"
"Green Sun's Zenith","Sorcery","G","605","74","0.122","","","","1376"
"Liliana of the Veil","Legendary Planeswalker — Liliana","B","405","97","0.240","","","","1592"
"Journey to Nowhere","Enchantment","W","829","150","0.181","","","","1434"
"Lightning Bolt","Instant","R","350","109","0.311","","","","1751"
"Fiend Hunter","Creature — Human Cleric","W","931","122","0.131","","","","1313"
"Misty Rainforest","Land","","435","78","0.179","","","","1464"
"Birds of Paradise","Creature — Bird","G","387","97","0.251","","","","1582"
"Earthquake","Sorcery","R","805","59","0.073","","","","1124"
"Eldrazi Conscription","Kindred Enchantment — Eldrazi Aura","","1009","78","0.077","","","","1184"
"Rite of Replication","Sorcery","U","142","13","0.092","","","","1206"
"Plated Geopede","Creature — Insect","R","915","82","0.090","","","","1150"
"Skirsdag High Priest","Creature — Human Cleric","B","839","67","0.080","","","","988"
"Stoneforge Mystic","Creature — Kor Artificer","W","509","103","0.202","","","","1482"
"Chandra's Phoenix","Creature — Phoenix","R","728","63","0.087","","","","1178"
"Sovereigns of Lost Alara","Creature — Spirit","UW","1229","129","0.105","","","","1118"
"Awakening Zone","Enchantment","G","128","13","0.102","","","","1211"
"Distortion Strike","Sorcery","U","885","52","0.059","","","","812"
"Oust","Sorcery","W","214","30","0.140","","","","1364"
"Dismember","Instant","B","576","137","0.238","","","","1613"
"Molten-Tail Masticore","Artifact Creature — Masticore","","818","54","0.066","","","","1006"
"Pristine Talisman","Artifact","","733","67","0.091","","","","1267"
"Abundant Growth","Enchantment — Aura","G","768","54","0.070","","","","1026"
"Consume the Meek","Instant","B","825","91","0.110","","","","1135"
"Banisher Priest","Creature — Human Cleric","W","786","90","0.115","","","","1353"
"Geth's Verdict","Instant","B","757","70","0.092","","","","1143"
"Searing Blaze","Instant","R","754","72","0.095","","","","1216"
"Pilgrim's Eye","Artifact Creature — Thopter","","792","76","0.096","","","","1079"
"Champion of Lambholt","Creature — Human Warrior","G","805","83","0.103","","","","1112"
"Domri Rade","Legendary Planeswalker — Domri","GR","735","77","0.105","","","","1255"
"Sphere of the Suns","Artifact","","757","80","0.106","","","","1296"
"Scute Mob","Creature — Insect","G","921","81","0.088","","","","979"
"Nivix Cyclops","Creature — Cyclops","RU","850","47","0.055","","","","947"
"Crystal Ball","Artifact","","868","58","0.067","","","","1067"
"Searing Spear","Instant","R","557","98","0.176","","","","1391"
"Shrine of Loyal Legions","Artifact","","930","63","0.068","","","","1085"
"Loam Lion","Creature — Cat","W","696","49","0.070","","","","1002"
"Cancel","Instant","U","637","71","0.111","","","","1390"
"Chromatic Lantern","Artifact","","747","84","0.112","","","","1267"
"Porcelain Legionnaire","Artifact Creature — Phyrexian Soldier","W","735","84","0.114","","","","1238"
"Olivia Voldaren","Legendary Creature — Vampire","BR","670","72","0.107","","","","1091"
"Arc Trail","Sorcery","R","652","92","0.141","","","","1343"
"Cruel Ultimatum","Sorcery","BRU","771","56","0.073","","","","1141"
"Hex Parasite","Artifact Creature — Phyrexian Insect","B","904","78","0.086","","","","1131"
"Fleshbag Marauder","Creature — Zombie Warrior","B","815","78","0.096","","","","1168"
"Windswept Heath","Land","","537","113","0.210","","","","1535"
"Stirring Wildwood","Land","GW","784","88","0.112","","","","1152"
"Gore-House Chainwalker","Creature — Human Warrior","R","908","74","0.081","","","","1123"
"Xathrid Necromancer","Creature — Human Wizard","B","894","63","0.070","","","","925"
"Banefire","Sorcery","R","729","62","0.085","","","","1195"
"Darksteel Ingot","Artifact","","805","75","0.093","","","","1106"
"Nicol Bolas, Planeswalker","Legendary Planeswalker — Bolas","BRU","720","64","0.089","","","","1343"
"Steppe Lynx","Creature — Cat","W","998","98","0.098","","","","1043"
"Sunblast Angel","Creature — Angel","W","993","111","0.112","","","","1193"
"Kor Skyfisher","Creature — Kor Soldier","W","954","100","0.105","","","","1234"
"Wooded Foothills","Land","","498","111","0.223","","","","1514"
"Flooded Strand","Land","","457","99","0.217","","","","1622"
"Prophetic Prism","Artifact","","773","79","0.102","","","","1250"
"Slagstorm","Sorcery","R","692","60","0.087","","","","1213"
"Forbidden Alchemy","Instant","BU","772","63","0.082","","","","1163"
"Apostle's Blessing","Instant","W","849","67","0.079","","","","1077"
"Tezzeret's Gambit","Sorcery","U","788","59","0.075","","","","1072"
"Palladium Myr","Artifact Creature — Myr","","793","57","0.072","","","","1124"
"Stromkirk Noble","Creature — Vampire Noble","R","766","80","0.104","","","","1147"
"Wild Nacatl","Creature — Cat Warrior","G","762","63","0.083","","","","1204"
"Runechanter's Pike","Artifact — Equipment","","683","45","0.066","","","","1084"
"Bloodstained Mire","Land","","439","71","0.162","","","","1432"
"Ambush Viper","Creature — Snake","G","252","24","0.095","","","","1222"
"Vault Skirge","Artifact Creature — Phyrexian Imp","B","857","72","0.084","","","","1118"
"Polluted Delta","Land","","396","68","0.172","","","","1455"
"Sphinx of the Steel Wind","Artifact Creature — Sphinx","BUW","928","80","0.086","","","","1259"
"Fling","Instant","R","871","45","0.052","","","","986"
"Quirion Dryad","Creature — Dryad","G","786","71","0.090","","","","1126"
"Ob Nixilis, the Fallen","Legendary Creature — Demon","B","899","82","0.091","","","","1135"
"Omnath, Locus of Mana","Legendary Creature — Elemental","G","640","54","0.084","","","","1101"
"See Beyond","Sorcery","U","713","74","0.104","","","","1350"
"Botanical Sanctum","Land","GU","639","42","0.066","","","","1107"
"Concealed Courtyard","Land","BW","762","93","0.122","","","","1309"
"Sphinx of Lost Truths","Creature — Sphinx","U","803","61","0.076","","","","1135"
"Inspiring Vantage","Land","RW","759","78","0.103","","","","1154"
"Spirebluff Canal","Land","RU","593","51","0.086","","","","1404"
"Blooming Marsh","Land","BG","741","75","0.101","","","","1272"
"Krenko's Command","Sorcery","R","825","69","0.084","","","","1086"
"Guul Draz Assassin","Creature — Vampire Assassin","B","684","77","0.113","","","","1227"
"Ash Zealot","Creature — Human Warrior","R","756","59","0.078","","","","1160"
"Rampaging Baloths","Creature — Beast","G","744","85","0.114","","","","1210"
"Elite Vanguard","Creature — Human Soldier","W","900","81","0.090","","","","1027"
"Wolfbriar Elemental","Creature — Elemental","G","705","72","0.102","","","","1234"
"Village Bell-Ringer","Creature — Human Scout","W","894","71","0.079","","","","1082"
"Gilded Lotus","Artifact","","717","71","0.099","","","","1315"
"Increasing Devotion","Sorcery","W","874","95","0.109","","","","1281"
"Shardless Agent","Artifact Creature — Human Rogue","GU","547","43","0.079","","","","1027"
"Baleful Strix","Artifact Creature — Bird","BU","420","58","0.138","","","","1355"
"Mortify","Instant","BW","731","91","0.124","","","","1224"
"Ancient Grudge","Instant","GR","638","51","0.080","","","","1133"
"Wear // Tear","Instant // Instant","","639","59","0.092","","","","1159"
"Reclamation Sage","Creature — Elf Shaman","G","548","55","0.100","","","","1165"
"Hero's Downfall","Instant","B","412","54","0.131","","","","1289"
"Torch Fiend","Creature — Devil","R","644","58","0.090","","","","1084"
"Courier's Capsule","Artifact","U","689","54","0.078","","","","1170"
"Vexing Devil","Creature — Devil","R","169","10","0.059","","","","1113"
"Akrasan Squire","Creature — Human Soldier","W","263","17","0.065","","","","945"
"Tormented Soul","Creature — Spirit","B","252","12","0.048","","","","1030"
"Prey Upon","Sorcery","G","256","21","0.082","","","","1076"
"Garruk Relentless","Legendary Planeswalker — Garruk // Legendary Planeswalker — Garruk","BG","170","19","0.112","","","","1265"
"Gideon's Lawkeeper","Creature — Human Soldier","W","248","26","0.105","","","","1131"
"Adarkar Wastes","Land","UW","139","29","0.209","","","","1450"
"Underground River","Land","BU","109","10","0.092","","","","1225"
"Shivan Reef","Land","RU","97","12","0.124","","","","1305"
"Battlefield Forge","Land","RW","160","20","0.125","","","","1297"
"Sulfurous Springs","Land","BR","112","8","0.071","","","","1229"
"Yavimaya Coast","Land","GU","114","8","0.070","","","","1124"
"Llanowar Wastes","Land","BG","148","17","0.115","","","","1183"
"Brushland","Land","GW","156","13","0.083","","","","1155"
"Caves of Koilos","Land","BW","145","19","0.131","","","","1275"
"Karplusan Forest","Land","GR","130","11","0.085","","","","1248"
